<!DOCTYPE suite SYSTEM "https://testng.org/testng-1.0.dtd" >
<suite name="Vytrack automation suite">
    <test name="Vytrack automation QA 1">
        <parameter name="url" value="https://qa1.vytrack.com/"></parameter>
        <parameter name="browser" value="https://qa1.vytrack.com/"></parameter>
        <classes>
            <class name="com.cybertek.tests.day16_page_object_model.PageHeadersTests"></class>
        </classes>
    </test>

    <test name="Vytrack automation QA 3">
        <parameter name="url" value="https://qa3.vytrack.com/"></parameter>
        <classes>
            <class name="com.cybertek.tests.day16_page_object_model.PageHeadersTests"></class>
        </classes>
    </test>

</suite>